{
    "courses": [
        {
            "id": 1,
            "course": "Osnove programiranja",
            "startingDate": "01.04.2022.",
            "duration": "20",
            "price": "250$",
            "text": "Ukoliko i Vi želite karijeru u IT sektoru a pitate se odakle uopšte početi, kako je najlakše naučiti programiranje i da li je teško savladati programiranje, ukoliko želite da načinite prvi korak i ušete u svet informacionih tehnologija, SmartInIT kursevi programiranja su pravi izbor za Vas. Kurs Osnove programiranja.",
            "image":"img/kurs-osnove-programiranja.jpg"
        },
        {
            "id": 2,
            "course": "Napredno programiranje",
            "startingDate": "01.04.2022.",
            "duration": "20",
            "price": "250$",
            "text": "Ukoliko i Vi želite karijeru u IT sektoru a pitate se odakle uopšte početi, kako je najlakše naučiti programiranje i da li je teško savladati programiranje, ukoliko želite da načinite prvi korak i ušete u svet informacionih tehnologija, SmartInIT kursevi programiranja su pravi izbor za Vas. Kurs Napredno programiranje.",
            "image":"img/slika1.jpg"
        },
        {
            "id": 3,
            "course": "Web programiranje - Backend",
            "startingDate": "01.05.2022.",
            "duration": "30",
            "price": "350$",
            "text": "Ukoliko i Vi želite karijeru u IT sektoru a pitate se odakle uopšte početi, kako je najlakše naučiti programiranje i da li je teško savladati programiranje, ukoliko želite da načinite prvi korak i ušete u svet informacionih tehnologija, SmartInIT kursevi programiranja su pravi izbor za Vas. Kurs Web programiranje - Backend.",
            "image":"img/slika2.jpg"
        },
        {
            "id": 4,
            "course": "Web programiranje - Frontend",
            "startingDate": "01.05.2022.",
            "duration": "30",
            "price": "350$",
            "text": "Ukoliko i Vi želite karijeru u IT sektoru a pitate se odakle uopšte početi, kako je najlakše naučiti programiranje i da li je teško savladati programiranje, ukoliko želite da načinite prvi korak i ušete u svet informacionih tehnologija, SmartInIT kursevi programiranja su pravi izbor za Vas.Kurs Web programiranje - Frontend.",
            "image":"img/slika3.jpg"
        },
        {
            "id": 5,
            "course": "Manuelno testiranje softvera",
            "startingDate": "15.04.2022.",
            "duration": "",
            "price": "250$",
            "text": "Ukoliko i Vi želite karijeru u IT sektoru a pitate se odakle uopšte početi, kako je najlakše naučiti programiranje i da li je teško savladati programiranje, ukoliko želite da načinite prvi korak i ušete u svet informacionih tehnologija, SmartInIT kursevi programiranja su pravi izbor za Vas. Kurs Manuelno testiranje softvera.",
            "image":"img/slika4.jpg"
        },
        {
            "id": 6,
            "course": "Automatsko testiranje softvera",
            "startingDate": "15.04.2022.",
            "duration": "",
            "price": "250$",
            "text": "Ukoliko i Vi želite karijeru u IT sektoru a pitate se odakle uopšte početi, kako je najlakše naučiti programiranje i da li je teško savladati programiranje, ukoliko želite da načinite prvi korak i ušete u svet informacionih tehnologija, SmartInIT kursevi programiranja su pravi izbor za Vas. Kurs Automatsko testiranje softvera.",
            "image":"img/slika5.jpg"
        }
    ]
}