{
  "hash": "23e9059d",
  "browserHash": "0ec2a4c4",
  "optimized": {
    "@angular/core": {
      "src": "../../../../../node_modules/@angular/core/fesm2022/core.mjs",
      "file": "@angular_core.js",
      "fileHash": "b675f62e",
      "needsInterop": false
    },
    "@angular/platform-browser": {
      "src": "../../../../../node_modules/@angular/platform-browser/fesm2022/platform-browser.mjs",
      "file": "@angular_platform-browser.js",
      "fileHash": "6ee67af2",
      "needsInterop": false
    },
    "@angular/router": {
      "src": "../../../../../node_modules/@angular/router/fesm2022/router.mjs",
      "file": "@angular_router.js",
      "fileHash": "2c8ac472",
      "needsInterop": false
    }
  },
  "chunks": {
    "chunk-EUVJ6CPA": {
      "file": "chunk-EUVJ6CPA.js"
    },
    "chunk-YVFDKDCQ": {
      "file": "chunk-YVFDKDCQ.js"
    }
  }
}